sense_img_url,input_img1_url,input_img2_url
https://i.ibb.co/7KGYz5y/Cycle-GAN-googlemap-1000-real-A-png.png,https://i.ibb.co/9Zy1VGS/Cycle-GAN-googlemap-1000-fake-B-png.png,https://i.ibb.co/6bvNYGg/Cycle-GAN-googlemap-1000-real-B-png.png
https://i.ibb.co/hVX6NSh/Cycle-GAN-googlemap-1001-real-A-png.png,https://i.ibb.co/7GmWdFS/Cycle-GAN-googlemap-1001-real-B-png.png,https://i.ibb.co/wQ2DcCS/Cycle-GAN-googlemap-1001-fake-B-png.png
https://i.ibb.co/XzGxp63/Cycle-GAN-googlemap-1002-real-A-png.png,https://i.ibb.co/NVq74P4/Cycle-GAN-googlemap-1002-real-B-png.png,https://i.ibb.co/9rDdt6J/Cycle-GAN-googlemap-1002-fake-B-png.png
https://i.ibb.co/sqMXVmx/Cycle-GAN-googlemap-1003-real-A-png.png,https://i.ibb.co/YcbfJdC/Cycle-GAN-googlemap-1003-fake-B-png.png,https://i.ibb.co/yPC0W2V/Cycle-GAN-googlemap-1003-real-B-png.png
https://i.ibb.co/VgXF15J/Cycle-GAN-googlemap-1004-real-A-png.png,https://i.ibb.co/r5Rg9kZ/Cycle-GAN-googlemap-1004-real-B-png.png,https://i.ibb.co/HGs1nwZ/Cycle-GAN-googlemap-1004-fake-B-png.png
https://i.ibb.co/tMY6RGb/Cycle-GAN-googlemap-1005-real-A-png.png,https://i.ibb.co/c83BMz1/Cycle-GAN-googlemap-1005-fake-B-png.png,https://i.ibb.co/Qmm48pf/Cycle-GAN-googlemap-1005-real-B-png.png
https://i.ibb.co/t2WTRnL/Cycle-GAN-googlemap-1006-real-A-png.png,https://i.ibb.co/VYb9sh2/Cycle-GAN-googlemap-1006-real-B-png.png,https://i.ibb.co/NK5Djmr/Cycle-GAN-googlemap-1006-fake-B-png.png
https://i.ibb.co/yyRKjPz/Cycle-GAN-googlemap-1007-real-A-png.png,https://i.ibb.co/MDN4LZC/Cycle-GAN-googlemap-1007-fake-B-png.png,https://i.ibb.co/wBb6yJr/Cycle-GAN-googlemap-1007-real-B-png.png
https://i.ibb.co/sm4V1qk/Cycle-GAN-googlemap-1008-real-A-png.png,https://i.ibb.co/K71TFZV/Cycle-GAN-googlemap-1008-fake-B-png.png,https://i.ibb.co/pLPVGKR/Cycle-GAN-googlemap-1008-real-B-png.png
https://i.ibb.co/Z2wTDF7/Cycle-GAN-googlemap-1009-real-A-png.png,https://i.ibb.co/M89J3ft/Cycle-GAN-googlemap-1009-fake-B-png.png,https://i.ibb.co/MDVPXH9/Cycle-GAN-googlemap-1009-real-B-png.png
https://i.ibb.co/W3hFpz6/Cycle-GAN-googlemap-100-real-A-png.png,https://i.ibb.co/Tv84s9t/Cycle-GAN-googlemap-100-fake-B-png.png,https://i.ibb.co/PwN9f7Q/Cycle-GAN-googlemap-100-real-B-png.png
https://i.ibb.co/0FFbkHY/Cycle-GAN-googlemap-1010-real-A-png.png,https://i.ibb.co/RT6BTZv/Cycle-GAN-googlemap-1010-real-B-png.png,https://i.ibb.co/P61xSYK/Cycle-GAN-googlemap-1010-fake-B-png.png
https://i.ibb.co/G596B7P/Cycle-GAN-googlemap-1011-real-A-png.png,https://i.ibb.co/nRCxQhs/Cycle-GAN-googlemap-1011-real-B-png.png,https://i.ibb.co/fCc13B6/Cycle-GAN-googlemap-1011-fake-B-png.png
https://i.ibb.co/cgTgnSn/Cycle-GAN-googlemap-1012-real-A-png.png,https://i.ibb.co/02tkjy0/Cycle-GAN-googlemap-1012-fake-B-png.png,https://i.ibb.co/0yThT3F/Cycle-GAN-googlemap-1012-real-B-png.png
https://i.ibb.co/74vCLXB/Cycle-GAN-googlemap-1013-real-A-png.png,https://i.ibb.co/ggbn6mf/Cycle-GAN-googlemap-1013-fake-B-png.png,https://i.ibb.co/C0jSBPt/Cycle-GAN-googlemap-1013-real-B-png.png
https://i.ibb.co/XXDHpY1/Cycle-GAN-googlemap-1014-real-A-png.png,https://i.ibb.co/kg7HGBp/Cycle-GAN-googlemap-1014-fake-B-png.png,https://i.ibb.co/QbcsWz2/Cycle-GAN-googlemap-1014-real-B-png.png
https://i.ibb.co/xFf6WQj/Cycle-GAN-googlemap-1015-real-A-png.png,https://i.ibb.co/YZh1rnj/Cycle-GAN-googlemap-1015-real-B-png.png,https://i.ibb.co/qYPy0Lq/Cycle-GAN-googlemap-1015-fake-B-png.png
https://i.ibb.co/Lrvyygx/Cycle-GAN-googlemap-1016-real-A-png.png,https://i.ibb.co/z4mbDFk/Cycle-GAN-googlemap-1016-fake-B-png.png,https://i.ibb.co/PmWCz5w/Cycle-GAN-googlemap-1016-real-B-png.png
https://i.ibb.co/MVqJMfN/Cycle-GAN-googlemap-1017-real-A-png.png,https://i.ibb.co/f9TfKKJ/Cycle-GAN-googlemap-1017-real-B-png.png,https://i.ibb.co/Lxx7zSZ/Cycle-GAN-googlemap-1017-fake-B-png.png
https://i.ibb.co/Qv6rKqP/Cycle-GAN-googlemap-1018-real-A-png.png,https://i.ibb.co/dJtKBMf/Cycle-GAN-googlemap-1018-fake-B-png.png,https://i.ibb.co/z4hvTZ6/Cycle-GAN-googlemap-1018-real-B-png.png
https://i.ibb.co/1vJnbHJ/Cycle-GAN-googlemap-1019-real-A-png.png,https://i.ibb.co/f88dDB0/Cycle-GAN-googlemap-1019-fake-B-png.png,https://i.ibb.co/KGBmkc4/Cycle-GAN-googlemap-1019-real-B-png.png
https://i.ibb.co/BqFp3Dd/Cycle-GAN-googlemap-101-real-A-png.png,https://i.ibb.co/C9K3Jtr/Cycle-GAN-googlemap-101-real-B-png.png,https://i.ibb.co/kG2p1Yy/Cycle-GAN-googlemap-101-fake-B-png.png
https://i.ibb.co/9g5vqfx/Cycle-GAN-googlemap-1020-real-A-png.png,https://i.ibb.co/DpNwmnc/Cycle-GAN-googlemap-1020-fake-B-png.png,https://i.ibb.co/HxxbYfx/Cycle-GAN-googlemap-1020-real-B-png.png
https://i.ibb.co/wKDzRcR/Cycle-GAN-googlemap-1021-real-A-png.png,https://i.ibb.co/Fz74wLB/Cycle-GAN-googlemap-1021-real-B-png.png,https://i.ibb.co/10cMKjb/Cycle-GAN-googlemap-1021-fake-B-png.png
https://i.ibb.co/GkbKj6x/Cycle-GAN-googlemap-1022-real-A-png.png,https://i.ibb.co/njGTFQb/Cycle-GAN-googlemap-1022-real-B-png.png,https://i.ibb.co/SVtvPT7/Cycle-GAN-googlemap-1022-fake-B-png.png
https://i.ibb.co/5cSfhkj/Cycle-GAN-googlemap-1023-real-A-png.png,https://i.ibb.co/hmt6wzy/Cycle-GAN-googlemap-1023-real-B-png.png,https://i.ibb.co/NNY4BQp/Cycle-GAN-googlemap-1023-fake-B-png.png
https://i.ibb.co/7Y3Bhs2/Cycle-GAN-googlemap-1024-real-A-png.png,https://i.ibb.co/wBkcc9p/Cycle-GAN-googlemap-1024-fake-B-png.png,https://i.ibb.co/16MbS2p/Cycle-GAN-googlemap-1024-real-B-png.png
https://i.ibb.co/NKRbJYj/Cycle-GAN-googlemap-1025-real-A-png.png,https://i.ibb.co/GQGQ6B2/Cycle-GAN-googlemap-1025-real-B-png.png,https://i.ibb.co/vqNMcWH/Cycle-GAN-googlemap-1025-fake-B-png.png
https://i.ibb.co/V2rTbHf/Cycle-GAN-googlemap-1026-real-A-png.png,https://i.ibb.co/9wzWcJC/Cycle-GAN-googlemap-1026-fake-B-png.png,https://i.ibb.co/T4LXWNt/Cycle-GAN-googlemap-1026-real-B-png.png
https://i.ibb.co/FDBZQ0p/Cycle-GAN-googlemap-1027-real-A-png.png,https://i.ibb.co/Wx1qpBY/Cycle-GAN-googlemap-1027-real-B-png.png,https://i.ibb.co/9byqCpJ/Cycle-GAN-googlemap-1027-fake-B-png.png
https://i.ibb.co/rtxF4RV/Cycle-GAN-googlemap-1028-real-A-png.png,https://i.ibb.co/tDVJN1p/Cycle-GAN-googlemap-1028-real-B-png.png,https://i.ibb.co/zxGbZ5v/Cycle-GAN-googlemap-1028-fake-B-png.png
https://i.ibb.co/hDkWvdW/Cycle-GAN-googlemap-1029-real-A-png.png,https://i.ibb.co/nMysfmd/Cycle-GAN-googlemap-1029-real-B-png.png,https://i.ibb.co/WkLw3Vz/Cycle-GAN-googlemap-1029-fake-B-png.png
https://i.ibb.co/NZBLcCR/Cycle-GAN-googlemap-102-real-A-png.png,https://i.ibb.co/rxYNJXh/Cycle-GAN-googlemap-102-real-B-png.png,https://i.ibb.co/3Mw78bL/Cycle-GAN-googlemap-102-fake-B-png.png
https://i.ibb.co/Q60yWPc/Cycle-GAN-googlemap-1030-real-A-png.png,https://i.ibb.co/kQp05NH/Cycle-GAN-googlemap-1030-real-B-png.png,https://i.ibb.co/2NjJ4Yz/Cycle-GAN-googlemap-1030-fake-B-png.png
https://i.ibb.co/2jKbVPB/Cycle-GAN-googlemap-1031-real-A-png.png,https://i.ibb.co/2YvLQ4q/Cycle-GAN-googlemap-1031-fake-B-png.png,https://i.ibb.co/6PQ8tDt/Cycle-GAN-googlemap-1031-real-B-png.png
https://i.ibb.co/R409hFf/Cycle-GAN-googlemap-1032-real-A-png.png,https://i.ibb.co/HhTcwKk/Cycle-GAN-googlemap-1032-real-B-png.png,https://i.ibb.co/94nT2rH/Cycle-GAN-googlemap-1032-fake-B-png.png
https://i.ibb.co/fdMP76L/Cycle-GAN-googlemap-1033-real-A-png.png,https://i.ibb.co/TvKh7Tk/Cycle-GAN-googlemap-1033-fake-B-png.png,https://i.ibb.co/9cptGzX/Cycle-GAN-googlemap-1033-real-B-png.png
https://i.ibb.co/PcRqfL5/Cycle-GAN-googlemap-1034-real-A-png.png,https://i.ibb.co/bsJ5tcQ/Cycle-GAN-googlemap-1034-fake-B-png.png,https://i.ibb.co/VYXDS5C/Cycle-GAN-googlemap-1034-real-B-png.png
https://i.ibb.co/ssM5jqj/Cycle-GAN-googlemap-1035-real-A-png.png,https://i.ibb.co/Bwd4hQx/Cycle-GAN-googlemap-1035-real-B-png.png,https://i.ibb.co/DV8MfNB/Cycle-GAN-googlemap-1035-fake-B-png.png
https://i.ibb.co/X5WpnW5/Cycle-GAN-googlemap-1036-real-A-png.png,https://i.ibb.co/1zrb0CP/Cycle-GAN-googlemap-1036-real-B-png.png,https://i.ibb.co/4pyFvGD/Cycle-GAN-googlemap-1036-fake-B-png.png
https://i.ibb.co/ctzpvKv/Cycle-GAN-googlemap-1037-real-A-png.png,https://i.ibb.co/1TQh2f1/Cycle-GAN-googlemap-1037-fake-B-png.png,https://i.ibb.co/HxpcPjh/Cycle-GAN-googlemap-1037-real-B-png.png
https://i.ibb.co/tZDRQ86/Cycle-GAN-googlemap-1038-real-A-png.png,https://i.ibb.co/yNrB9cK/Cycle-GAN-googlemap-1038-real-B-png.png,https://i.ibb.co/VTS49ff/Cycle-GAN-googlemap-1038-fake-B-png.png
https://i.ibb.co/xYVqSNy/Cycle-GAN-googlemap-1039-real-A-png.png,https://i.ibb.co/vmPv7pj/Cycle-GAN-googlemap-1039-real-B-png.png,https://i.ibb.co/cQVd4nC/Cycle-GAN-googlemap-1039-fake-B-png.png
https://i.ibb.co/SXGSDcg/Cycle-GAN-googlemap-103-real-A-png.png,https://i.ibb.co/MMTJK0P/Cycle-GAN-googlemap-103-real-B-png.png,https://i.ibb.co/vc5rD3z/Cycle-GAN-googlemap-103-fake-B-png.png
https://i.ibb.co/ryMyXGm/Cycle-GAN-googlemap-1040-real-A-png.png,https://i.ibb.co/Kxkffnv/Cycle-GAN-googlemap-1040-fake-B-png.png,https://i.ibb.co/jGJvZYK/Cycle-GAN-googlemap-1040-real-B-png.png
https://i.ibb.co/BG9rPPS/Cycle-GAN-googlemap-1041-real-A-png.png,https://i.ibb.co/YQrTqQP/Cycle-GAN-googlemap-1041-fake-B-png.png,https://i.ibb.co/0KJVLnT/Cycle-GAN-googlemap-1041-real-B-png.png
https://i.ibb.co/ygq830M/Cycle-GAN-googlemap-1042-real-A-png.png,https://i.ibb.co/ftHCVX4/Cycle-GAN-googlemap-1042-fake-B-png.png,https://i.ibb.co/S7v5SrP/Cycle-GAN-googlemap-1042-real-B-png.png
https://i.ibb.co/ByPxM1Y/Cycle-GAN-googlemap-1043-real-A-png.png,https://i.ibb.co/fGx39fr/Cycle-GAN-googlemap-1043-real-B-png.png,https://i.ibb.co/TRH2cH6/Cycle-GAN-googlemap-1043-fake-B-png.png
https://i.ibb.co/5LkQKyK/Cycle-GAN-googlemap-1044-real-A-png.png,https://i.ibb.co/vH5Gk4C/Cycle-GAN-googlemap-1044-real-B-png.png,https://i.ibb.co/cxHkQhX/Cycle-GAN-googlemap-1044-fake-B-png.png
https://i.ibb.co/5jbdXR6/Cycle-GAN-googlemap-1045-real-A-png.png,https://i.ibb.co/Htktkg1/Cycle-GAN-googlemap-1045-real-B-png.png,https://i.ibb.co/kxMwQxc/Cycle-GAN-googlemap-1045-fake-B-png.png
https://i.ibb.co/hWz2M1w/Pix2pix-googlemap-0-real-A-png.png,https://i.ibb.co/dGnfSfQ/Pix2pix-googlemap-0-real-B-png.png,https://i.ibb.co/QMhkTSs/Pix2pix-googlemap-0-fake-B-png.png
https://i.ibb.co/gjgysDX/Pix2pix-googlemap-10-real-A-png.png,https://i.ibb.co/ck7hgFg/Pix2pix-googlemap-10-real-B-png.png,https://i.ibb.co/4JxkvvN/Pix2pix-googlemap-10-fake-B-png.png
https://i.ibb.co/Hx3Htph/Pix2pix-googlemap-11-real-A-png.png,https://i.ibb.co/1M1DB80/Pix2pix-googlemap-11-fake-B-png.png,https://i.ibb.co/wW9KFgG/Pix2pix-googlemap-11-real-B-png.png
https://i.ibb.co/ZdSyXbm/Pix2pix-googlemap-12-real-A-png.png,https://i.ibb.co/Wgs7BFT/Pix2pix-googlemap-12-real-B-png.png,https://i.ibb.co/G5Gp48d/Pix2pix-googlemap-12-fake-B-png.png
https://i.ibb.co/p2KbNGt/Pix2pix-googlemap-13-real-A-png.png,https://i.ibb.co/LhMmKvh/Pix2pix-googlemap-13-real-B-png.png,https://i.ibb.co/n0K61vw/Pix2pix-googlemap-13-fake-B-png.png
https://i.ibb.co/Fx5LgK2/Pix2pix-googlemap-14-real-A-png.png,https://i.ibb.co/TcyPgwN/Pix2pix-googlemap-14-fake-B-png.png,https://i.ibb.co/tPzzcYZ/Pix2pix-googlemap-14-real-B-png.png
https://i.ibb.co/qrgsrLs/Pix2pix-googlemap-15-real-A-png.png,https://i.ibb.co/Cnm487z/Pix2pix-googlemap-15-fake-B-png.png,https://i.ibb.co/KXxrwD0/Pix2pix-googlemap-15-real-B-png.png
https://i.ibb.co/51g8vDv/Pix2pix-googlemap-16-real-A-png.png,https://i.ibb.co/6HpYLkm/Pix2pix-googlemap-16-real-B-png.png,https://i.ibb.co/W2Znrgj/Pix2pix-googlemap-16-fake-B-png.png
https://i.ibb.co/Dg0dqps/Pix2pix-googlemap-17-real-A-png.png,https://i.ibb.co/8MkRFJP/Pix2pix-googlemap-17-fake-B-png.png,https://i.ibb.co/8XXrGjX/Pix2pix-googlemap-17-real-B-png.png
https://i.ibb.co/6gqp3yP/Pix2pix-googlemap-18-real-A-png.png,https://i.ibb.co/721pr58/Pix2pix-googlemap-18-fake-B-png.png,https://i.ibb.co/MkbZNRw/Pix2pix-googlemap-18-real-B-png.png
https://i.ibb.co/YkbDW5G/Pix2pix-googlemap-19-real-A-png.png,https://i.ibb.co/QJ56QS7/Pix2pix-googlemap-19-fake-B-png.png,https://i.ibb.co/C2zySSC/Pix2pix-googlemap-19-real-B-png.png
https://i.ibb.co/vstLgF8/Pix2pix-googlemap-1-real-A-png.png,https://i.ibb.co/zQJc531/Pix2pix-googlemap-1-real-B-png.png,https://i.ibb.co/2nt0C1g/Pix2pix-googlemap-1-fake-B-png.png
https://i.ibb.co/R2810vD/Pix2pix-googlemap-20-real-A-png.png,https://i.ibb.co/1qPCPY6/Pix2pix-googlemap-20-real-B-png.png,https://i.ibb.co/wsPfhYQ/Pix2pix-googlemap-20-fake-B-png.png
https://i.ibb.co/WGxLk8Y/Pix2pix-googlemap-21-real-A-png.png,https://i.ibb.co/MDXW7Wg/Pix2pix-googlemap-21-fake-B-png.png,https://i.ibb.co/b3bLbzv/Pix2pix-googlemap-21-real-B-png.png
https://i.ibb.co/TTCFwgb/Pix2pix-googlemap-22-real-A-png.png,https://i.ibb.co/jLYQ0f6/Pix2pix-googlemap-22-real-B-png.png,https://i.ibb.co/7WhPw1B/Pix2pix-googlemap-22-fake-B-png.png
https://i.ibb.co/VTXYWQY/Pix2pix-googlemap-23-real-A-png.png,https://i.ibb.co/Nmqd6vW/Pix2pix-googlemap-23-real-B-png.png,https://i.ibb.co/3vfmx2P/Pix2pix-googlemap-23-fake-B-png.png
https://i.ibb.co/x7h02dr/Pix2pix-googlemap-24-real-A-png.png,https://i.ibb.co/CWwqhwW/Pix2pix-googlemap-24-real-B-png.png,https://i.ibb.co/P5ZwNL7/Pix2pix-googlemap-24-fake-B-png.png
https://i.ibb.co/F5GqHNF/Pix2pix-googlemap-25-real-A-png.png,https://i.ibb.co/YfNmBgP/Pix2pix-googlemap-25-real-B-png.png,https://i.ibb.co/fX5tj27/Pix2pix-googlemap-25-fake-B-png.png
https://i.ibb.co/0m2DDDG/Pix2pix-googlemap-26-real-A-png.png,https://i.ibb.co/LQrpWHt/Pix2pix-googlemap-26-fake-B-png.png,https://i.ibb.co/3mmYFR9/Pix2pix-googlemap-26-real-B-png.png
https://i.ibb.co/8cTSQy8/Pix2pix-googlemap-27-real-A-png.png,https://i.ibb.co/Srn6J8W/Pix2pix-googlemap-27-real-B-png.png,https://i.ibb.co/4mtmD9M/Pix2pix-googlemap-27-fake-B-png.png
https://i.ibb.co/yBMSr2j/Pix2pix-googlemap-28-real-A-png.png,https://i.ibb.co/WVjVQPq/Pix2pix-googlemap-28-real-B-png.png,https://i.ibb.co/nMS879X/Pix2pix-googlemap-28-fake-B-png.png
https://i.ibb.co/S5Y705g/Pix2pix-googlemap-29-real-A-png.png,https://i.ibb.co/DGrxjcb/Pix2pix-googlemap-29-real-B-png.png,https://i.ibb.co/mRDvWJF/Pix2pix-googlemap-29-fake-B-png.png
https://i.ibb.co/mJn8tVL/Pix2pix-googlemap-2-real-A-png.png,https://i.ibb.co/2PgqYCr/Pix2pix-googlemap-2-real-B-png.png,https://i.ibb.co/pwTFKWH/Pix2pix-googlemap-2-fake-B-png.png
https://i.ibb.co/ckn7j2P/Pix2pix-googlemap-30-real-A-png.png,https://i.ibb.co/hyHHv69/Pix2pix-googlemap-30-fake-B-png.png,https://i.ibb.co/wyvcYyw/Pix2pix-googlemap-30-real-B-png.png
https://i.ibb.co/c3nt158/Pix2pix-googlemap-31-real-A-png.png,https://i.ibb.co/ZmcPPg0/Pix2pix-googlemap-31-fake-B-png.png,https://i.ibb.co/6vntbjV/Pix2pix-googlemap-31-real-B-png.png
https://i.ibb.co/vHX010k/Pix2pix-googlemap-32-real-A-png.png,https://i.ibb.co/VSPFqFP/Pix2pix-googlemap-32-real-B-png.png,https://i.ibb.co/kMywnvj/Pix2pix-googlemap-32-fake-B-png.png
https://i.ibb.co/L190BDc/Pix2pix-googlemap-33-real-A-png.png,https://i.ibb.co/qCKkjCS/Pix2pix-googlemap-33-real-B-png.png,https://i.ibb.co/8Ks8vSK/Pix2pix-googlemap-33-fake-B-png.png
https://i.ibb.co/26PDNm7/Pix2pix-googlemap-34-real-A-png.png,https://i.ibb.co/kXYBzdr/Pix2pix-googlemap-34-real-B-png.png,https://i.ibb.co/2dvC8Jq/Pix2pix-googlemap-34-fake-B-png.png
https://i.ibb.co/F5GqHNF/Pix2pix-googlemap-25-real-A-png.png,https://i.ibb.co/hHLhHpN/Pix2pix-googlemap-35-fake-B-png.png,https://i.ibb.co/YfNmBgP/Pix2pix-googlemap-25-real-B-png.png
https://i.ibb.co/XDpTMR9/Pix2pix-googlemap-36-real-A-png.png,https://i.ibb.co/VVqg2p1/Pix2pix-googlemap-36-fake-B-png.png,https://i.ibb.co/d4wg1Sn/Pix2pix-googlemap-36-real-B-png.png
https://i.ibb.co/55sF7p0/Pix2pix-googlemap-37-real-A-png.png,https://i.ibb.co/Fm9RFxT/Pix2pix-googlemap-37-fake-B-png.png,https://i.ibb.co/6cMByc0/Pix2pix-googlemap-37-real-B-png.png
https://i.ibb.co/6sSfjhM/Pix2pix-googlemap-38-real-A-png.png,https://i.ibb.co/yPDzrKB/Pix2pix-googlemap-38-real-B-png.png,https://i.ibb.co/XFncbXQ/Pix2pix-googlemap-38-fake-B-png.png
https://i.ibb.co/nRBn6BD/Pix2pix-googlemap-39-real-A-png.png,https://i.ibb.co/8MtGw4c/Pix2pix-googlemap-39-real-B-png.png,https://i.ibb.co/FKzkK17/Pix2pix-googlemap-39-fake-B-png.png
https://i.ibb.co/T0RwZ8L/Pix2pix-googlemap-3-real-A-png.png,https://i.ibb.co/RCy8yk9/Pix2pix-googlemap-3-fake-B-png.png,https://i.ibb.co/pZtJWKC/Pix2pix-googlemap-3-real-B-png.png
https://i.ibb.co/5GZS0CQ/Pix2pix-googlemap-40-real-A-png.png,https://i.ibb.co/48zj6Z0/Pix2pix-googlemap-40-fake-B-png.png,https://i.ibb.co/DL61p0w/Pix2pix-googlemap-40-real-B-png.png
https://i.ibb.co/7pd7pPC/Pix2pix-googlemap-41-real-A-png.png,https://i.ibb.co/2MRMXHC/Pix2pix-googlemap-41-real-B-png.png,https://i.ibb.co/WvXpWP0/Pix2pix-googlemap-41-fake-B-png.png
https://i.ibb.co/RBBq9rn/Pix2pix-googlemap-42-real-A-png.png,https://i.ibb.co/zP2nB2R/Pix2pix-googlemap-42-real-B-png.png,https://i.ibb.co/gFFBrXy/Pix2pix-googlemap-42-fake-B-png.png
https://i.ibb.co/68hcCVQ/Pix2pix-googlemap-43-real-A-png.png,https://i.ibb.co/JzDSR3S/Pix2pix-googlemap-43-fake-B-png.png,https://i.ibb.co/LpDj7nR/Pix2pix-googlemap-43-real-B-png.png
https://i.ibb.co/w6ngDNm/Pix2pix-googlemap-44-real-A-png.png,https://i.ibb.co/1TSbS3N/Pix2pix-googlemap-44-fake-B-png.png,https://i.ibb.co/t2BXMLk/Pix2pix-googlemap-44-real-B-png.png
https://i.ibb.co/hKG8tNd/Pix2pix-googlemap-45-real-A-png.png,https://i.ibb.co/PxP4SPg/Pix2pix-googlemap-45-real-B-png.png,https://i.ibb.co/7jJXxMQ/Pix2pix-googlemap-45-fake-B-png.png
https://i.ibb.co/qprLCDV/Pix2pix-googlemap-46-real-A-png.png,https://i.ibb.co/kyDnkHm/Pix2pix-googlemap-46-real-B-png.png,https://i.ibb.co/FYtQJbg/Pix2pix-googlemap-46-fake-B-png.png
https://i.ibb.co/BVnCJDB/Pix2pix-googlemap-47-real-A-png.png,https://i.ibb.co/QvW3FfP/Pix2pix-googlemap-47-real-B-png.png,https://i.ibb.co/hLXWtM5/Pix2pix-googlemap-47-fake-B-png.png
https://i.ibb.co/WHcYpFT/Pix2pix-googlemap-48-real-A-png.png,https://i.ibb.co/LhDFqQT/Pix2pix-googlemap-48-real-B-png.png,https://i.ibb.co/zQnrg69/Pix2pix-googlemap-48-fake-B-png.png
https://i.ibb.co/pK4LfgN/Pix2pix-googlemap-49-real-A-png.png,https://i.ibb.co/0Fztm94/Pix2pix-googlemap-49-fake-B-png.png,https://i.ibb.co/f2CtDrT/Pix2pix-googlemap-49-real-B-png.png
https://i.ibb.co/s9Jg6PQ/Pix2pix-googlemap-4-real-A-png.png,https://i.ibb.co/tpgDKcN/Pix2pix-googlemap-4-real-B-png.png,https://i.ibb.co/9qNwgms/Pix2pix-googlemap-4-fake-B-png.png
https://i.ibb.co/vX2pcyx/Pix2pix-googlemap-50-real-A-png.png,https://i.ibb.co/pyRx0vW/Pix2pix-googlemap-50-fake-B-png.png,https://i.ibb.co/1vp5F5n/Pix2pix-googlemap-50-real-B-png.png
https://i.ibb.co/CtGG4HN/Pix2pix-googlemap-51-real-A-png.png,https://i.ibb.co/N36dWzZ/Pix2pix-googlemap-51-real-B-png.png,https://i.ibb.co/52HKWdN/Pix2pix-googlemap-51-fake-B-png.png
https://i.ibb.co/LRDrCCh/Pix2pix-googlemap-52-real-A-png.png,https://i.ibb.co/HpVFSjC/Pix2pix-googlemap-52-real-B-png.png,https://i.ibb.co/7YRy22p/Pix2pix-googlemap-52-fake-B-png.png
https://i.ibb.co/qNhyXLG/Pix2pix-googlemap-53-real-A-png.png,https://i.ibb.co/XDsQqpg/Pix2pix-googlemap-53-real-B-png.png,https://i.ibb.co/VMFjTxD/Pix2pix-googlemap-53-fake-B-png.png
https://i.ibb.co/KsBnfwG/Pix2pix-googlemap-54-real-A-png.png,https://i.ibb.co/M1GWN1s/Pix2pix-googlemap-54-real-B-png.png,https://i.ibb.co/Zzn9m4D/Pix2pix-googlemap-54-fake-B-png.png
https://i.ibb.co/NT60mvr/Pix2pix-googlemap-55-real-A-png.png,https://i.ibb.co/8d5wbZC/Pix2pix-googlemap-55-real-B-png.png,https://i.ibb.co/QCMWfnF/Pix2pix-googlemap-55-fake-B-png.png
https://i.ibb.co/bvcX0fd/Pix2pix-googlemap-56-real-A-png.png,https://i.ibb.co/H7PQL4L/Pix2pix-googlemap-56-fake-B-png.png,https://i.ibb.co/mDN2JdM/Pix2pix-googlemap-56-real-B-png.png
https://i.ibb.co/b6165Z7/Pix2pix-googlemap-57-real-A-png.png,https://i.ibb.co/DCPTmjt/Pix2pix-googlemap-57-real-B-png.png,https://i.ibb.co/P4xprpB/Pix2pix-googlemap-57-fake-B-png.png
https://i.ibb.co/tKSKZzF/Pix2pix-googlemap-58-real-A-png.png,https://i.ibb.co/JsSC5ZM/Pix2pix-googlemap-58-real-B-png.png,https://i.ibb.co/MDqgx21/Pix2pix-googlemap-58-fake-B-png.png
https://i.ibb.co/WgCDTpd/Pix2pix-googlemap-59-real-A-png.png,https://i.ibb.co/vk2wdjp/Pix2pix-googlemap-59-real-B-png.png,https://i.ibb.co/4F7tg0c/Pix2pix-googlemap-59-fake-B-png.png
https://i.ibb.co/HhhXLYR/Pix2pix-googlemap-5-real-A-png.png,https://i.ibb.co/FV2225L/Pix2pix-googlemap-5-real-B-png.png,https://i.ibb.co/cvVB147/Pix2pix-googlemap-5-fake-B-png.png
https://i.ibb.co/7RRkKsT/Pix2pix-googlemap-60-real-A-png.png,https://i.ibb.co/G0HzSn7/Pix2pix-googlemap-60-real-B-png.png,https://i.ibb.co/gdxVKm6/Pix2pix-googlemap-60-fake-B-png.png
https://i.ibb.co/17wVrhG/Pix2pix-googlemap-61-real-A-png.png,https://i.ibb.co/FBD1zGr/Pix2pix-googlemap-61-real-B-png.png,https://i.ibb.co/HYXQ0kZ/Pix2pix-googlemap-61-fake-B-png.png
https://i.ibb.co/SVF2nSm/Pix2pix-googlemap-62-real-A-png.png,https://i.ibb.co/xmpPf1c/Pix2pix-googlemap-62-fake-B-png.png,https://i.ibb.co/4PHDMyz/Pix2pix-googlemap-62-real-B-png.png
https://i.ibb.co/NT60mvr/Pix2pix-googlemap-55-real-A-png.png,https://i.ibb.co/8d5wbZC/Pix2pix-googlemap-55-real-B-png.png,https://i.ibb.co/VTR3THp/Pix2pix-googlemap-63-fake-B-png.png
https://i.ibb.co/yWVBCSF/Pix2pix-googlemap-64-real-A-png.png,https://i.ibb.co/VMcSmC2/Pix2pix-googlemap-64-real-B-png.png,https://i.ibb.co/sRCKyq1/Pix2pix-googlemap-64-fake-B-png.png
https://i.ibb.co/S02Ssvh/Pix2pix-googlemap-65-real-A-png.png,https://i.ibb.co/tL5cQNx/Pix2pix-googlemap-65-fake-B-png.png,https://i.ibb.co/7JK2CHc/Pix2pix-googlemap-65-real-B-png.png
https://i.ibb.co/4W3v6TF/Pix2pix-googlemap-66-real-A-png.png,https://i.ibb.co/tZ4fjFt/Pix2pix-googlemap-66-real-B-png.png,https://i.ibb.co/23vJcxM/Pix2pix-googlemap-66-fake-B-png.png
https://i.ibb.co/93R5fX4/Pix2pix-googlemap-67-real-A-png.png,https://i.ibb.co/4tR0L8j/Pix2pix-googlemap-67-fake-B-png.png,https://i.ibb.co/d0jDjYZ/Pix2pix-googlemap-67-real-B-png.png
https://i.ibb.co/bLFPcpf/Pix2pix-googlemap-68-real-A-png.png,https://i.ibb.co/qjvBxWZ/Pix2pix-googlemap-68-fake-B-png.png,https://i.ibb.co/VLJLzSD/Pix2pix-googlemap-68-real-B-png.png
https://i.ibb.co/z8m3hzf/Pix2pix-googlemap-69-real-A-png.png,https://i.ibb.co/7JbRFkY/Pix2pix-googlemap-69-fake-B-png.png,https://i.ibb.co/4V2v9hZ/Pix2pix-googlemap-69-real-B-png.png
https://i.ibb.co/kDTmpJS/Pix2pix-googlemap-6-real-A-png.png,https://i.ibb.co/zx8X0p0/Pix2pix-googlemap-6-real-B-png.png,https://i.ibb.co/x16fqKp/Pix2pix-googlemap-6-fake-B-png.png
https://i.ibb.co/j6rqJQM/Pix2pix-googlemap-70-real-A-png.png,https://i.ibb.co/LvGGRZN/Pix2pix-googlemap-70-fake-B-png.png,https://i.ibb.co/8PskRKf/Pix2pix-googlemap-70-real-B-png.png
https://i.ibb.co/NY7W5fr/Pix2pix-googlemap-71-real-A-png.png,https://i.ibb.co/7kfPB6M/Pix2pix-googlemap-71-real-B-png.png,https://i.ibb.co/Tc7LM90/Pix2pix-googlemap-71-fake-B-png.png
https://i.ibb.co/Lh9VnB2/Pix2pix-googlemap-72-real-A-png.png,https://i.ibb.co/sqqPfBd/Pix2pix-googlemap-72-fake-B-png.png,https://i.ibb.co/7vhppL4/Pix2pix-googlemap-72-real-B-png.png
https://i.ibb.co/k0Rh2W8/Pix2pix-googlemap-73-real-A-png.png,https://i.ibb.co/yg0YJf3/Pix2pix-googlemap-73-real-B-png.png,https://i.ibb.co/DD9mSwZ/Pix2pix-googlemap-73-fake-B-png.png
https://i.ibb.co/D5s06NZ/Pix2pix-googlemap-74-real-A-png.png,https://i.ibb.co/zr0k7Ck/Pix2pix-googlemap-74-fake-B-png.png,https://i.ibb.co/B6bQ7Qq/Pix2pix-googlemap-74-real-B-png.png
https://i.ibb.co/Sy65HCJ/Pix2pix-googlemap-75-real-A-png.png,https://i.ibb.co/DgbD5ph/Pix2pix-googlemap-75-fake-B-png.png,https://i.ibb.co/jZmSd4X/Pix2pix-googlemap-75-real-B-png.png
https://i.ibb.co/gmt4mV6/Pix2pix-googlemap-76-real-A-png.png,https://i.ibb.co/hBmBkg5/Pix2pix-googlemap-76-real-B-png.png,https://i.ibb.co/5GBQXSn/Pix2pix-googlemap-76-fake-B-png.png
https://i.ibb.co/b7xzfVM/Pix2pix-googlemap-77-real-A-png.png,https://i.ibb.co/QdHNGmM/Pix2pix-googlemap-77-fake-B-png.png,https://i.ibb.co/8YrD4TS/Pix2pix-googlemap-77-real-B-png.png
https://i.ibb.co/c3nt158/Pix2pix-googlemap-31-real-A-png.png,https://i.ibb.co/g9trgTB/Pix2pix-googlemap-78-fake-B-png.png,https://i.ibb.co/6vntbjV/Pix2pix-googlemap-31-real-B-png.png
https://i.ibb.co/26QWHcn/Pix2pix-googlemap-79-real-A-png.png,https://i.ibb.co/f2HB2Yb/Pix2pix-googlemap-79-fake-B-png.png,https://i.ibb.co/Q86xvjc/Pix2pix-googlemap-79-real-B-png.png
https://i.ibb.co/HpdXrCx/Pix2pix-googlemap-7-real-A-png.png,https://i.ibb.co/jG2KGRM/Pix2pix-googlemap-7-fake-B-png.png,https://i.ibb.co/7KKMZwP/Pix2pix-googlemap-7-real-B-png.png
https://i.ibb.co/8mB77mr/Pix2pix-googlemap-80-real-A-png.png,https://i.ibb.co/LvJ6Lrj/Pix2pix-googlemap-80-real-B-png.png,https://i.ibb.co/W3yRy7f/Pix2pix-googlemap-80-fake-B-png.png
https://i.ibb.co/KmmDDN1/Pix2pix-googlemap-81-real-A-png.png,https://i.ibb.co/Qdjb5gJ/Pix2pix-googlemap-81-real-B-png.png,https://i.ibb.co/9pKS26P/Pix2pix-googlemap-81-fake-B-png.png
https://i.ibb.co/4mXBMys/Pix2pix-googlemap-82-real-A-png.png,https://i.ibb.co/0B4d451/Pix2pix-googlemap-82-real-B-png.png,https://i.ibb.co/8MPsZLH/Pix2pix-googlemap-82-fake-B-png.png
https://i.ibb.co/5GZS0CQ/Pix2pix-googlemap-40-real-A-png.png,https://i.ibb.co/DL61p0w/Pix2pix-googlemap-40-real-B-png.png,https://i.ibb.co/W6RjJGh/Pix2pix-googlemap-83-fake-B-png.png
https://i.ibb.co/ncFHDkJ/Pix2pix-googlemap-84-real-A-png.png,https://i.ibb.co/k1Nmhd2/Pix2pix-googlemap-84-real-B-png.png,https://i.ibb.co/GsVX1NW/Pix2pix-googlemap-84-fake-B-png.png
https://i.ibb.co/QF64G5g/Pix2pix-googlemap-85-real-A-png.png,https://i.ibb.co/vZtqM4M/Pix2pix-googlemap-85-real-B-png.png,https://i.ibb.co/h2td55W/Pix2pix-googlemap-85-fake-B-png.png
https://i.ibb.co/gVJSVxB/Pix2pix-googlemap-86-real-A-png.png,https://i.ibb.co/Mh85VBQ/Pix2pix-googlemap-86-real-B-png.png,https://i.ibb.co/02VXdZ1/Pix2pix-googlemap-86-fake-B-png.png
https://i.ibb.co/dLh3rH8/Pix2pix-googlemap-87-real-A-png.png,https://i.ibb.co/FmxPPVx/Pix2pix-googlemap-87-fake-B-png.png,https://i.ibb.co/TqwBFCQ/Pix2pix-googlemap-87-real-B-png.png
https://i.ibb.co/dQVP55M/Pix2pix-googlemap-88-real-A-png.png,https://i.ibb.co/N1jR3DT/Pix2pix-googlemap-88-real-B-png.png,https://i.ibb.co/LpsLD1p/Pix2pix-googlemap-88-fake-B-png.png
https://i.ibb.co/FhPddT7/Pix2pix-googlemap-89-real-A-png.png,https://i.ibb.co/sPLJC02/Pix2pix-googlemap-89-fake-B-png.png,https://i.ibb.co/jrtdvXS/Pix2pix-googlemap-89-real-B-png.png
https://i.ibb.co/Srsz526/Pix2pix-googlemap-8-real-A-png.png,https://i.ibb.co/qFsGkjh/Pix2pix-googlemap-8-fake-B-png.png,https://i.ibb.co/F4LLdqp/Pix2pix-googlemap-8-real-B-png.png
https://i.ibb.co/8gnsfH5/Pix2pix-googlemap-90-real-A-png.png,https://i.ibb.co/bLg9cNC/Pix2pix-googlemap-90-fake-B-png.png,https://i.ibb.co/pnVMtmR/Pix2pix-googlemap-90-real-B-png.png
https://i.ibb.co/Dfg6R6g/Pix2pix-googlemap-91-real-A-png.png,https://i.ibb.co/VMCfy9k/Pix2pix-googlemap-91-fake-B-png.png,https://i.ibb.co/Vpx78hC/Pix2pix-googlemap-91-real-B-png.png
https://i.ibb.co/72dDjqB/Pix2pix-googlemap-92-real-A-png.png,https://i.ibb.co/GMfbSRb/Pix2pix-googlemap-92-fake-B-png.png,https://i.ibb.co/VwKWmD8/Pix2pix-googlemap-92-real-B-png.png
https://i.ibb.co/98ksd0L/Pix2pix-googlemap-93-real-A-png.png,https://i.ibb.co/0jSxDs8/Pix2pix-googlemap-93-fake-B-png.png,https://i.ibb.co/C1Tg9Mz/Pix2pix-googlemap-93-real-B-png.png
https://i.ibb.co/zhMwBbx/Pix2pix-googlemap-94-real-A-png.png,https://i.ibb.co/dg7rXmn/Pix2pix-googlemap-94-fake-B-png.png,https://i.ibb.co/2ZfxDGD/Pix2pix-googlemap-94-real-B-png.png
https://i.ibb.co/23WcpmV/Pix2pix-googlemap-95-real-A-png.png,https://i.ibb.co/zGGkqrR/Pix2pix-googlemap-95-fake-B-png.png,https://i.ibb.co/m0gphBS/Pix2pix-googlemap-95-real-B-png.png
https://i.ibb.co/bzFZVqt/Pix2pix-googlemap-96-real-A-png.png,https://i.ibb.co/GpyyXGt/Pix2pix-googlemap-96-real-B-png.png,https://i.ibb.co/f411RF6/Pix2pix-googlemap-96-fake-B-png.png
https://i.ibb.co/mq136g0/Pix2pix-googlemap-97-real-A-png.png,https://i.ibb.co/SQj8n2W/Pix2pix-googlemap-97-real-B-png.png,https://i.ibb.co/pX1bxW6/Pix2pix-googlemap-97-fake-B-png.png
https://i.ibb.co/Hx3Htph/Pix2pix-googlemap-11-real-A-png.png,https://i.ibb.co/swwsc2P/Pix2pix-googlemap-98-fake-B-png.png,https://i.ibb.co/wW9KFgG/Pix2pix-googlemap-11-real-B-png.png
https://i.ibb.co/Y8wLtsF/Pix2pix-googlemap-99-real-A-png.png,https://i.ibb.co/5srffzR/Pix2pix-googlemap-99-fake-B-png.png,https://i.ibb.co/N6fH60W/Pix2pix-googlemap-99-real-B-png.png
https://i.ibb.co/kqvX4jx/Pix2pix-googlemap-9-real-A-png.png,https://i.ibb.co/ynWT0rt/Pix2pix-googlemap-9-real-B-png.png,https://i.ibb.co/SJ46ktQ/Pix2pix-googlemap-9-fake-B-png.png
https://i.ibb.co/0FsbCPD/Bicycle-GAN-googlemap-000-real-A-png.png,https://i.ibb.co/PrQ75Nh/Bicycle-GAN-googlemap-000-real-B-png.png,https://i.ibb.co/3sXG794/Bicycle-GAN-googlemap-000-fake-B-png.png
https://i.ibb.co/Bw0btFH/Bicycle-GAN-googlemap-001-real-A-png.png,https://i.ibb.co/W2RfGDv/Bicycle-GAN-googlemap-001-fake-B-png.png,https://i.ibb.co/7trc0SK/Bicycle-GAN-googlemap-001-real-B-png.png
https://i.ibb.co/DtmWjqm/Bicycle-GAN-googlemap-002-real-A-png.png,https://i.ibb.co/WFKSmq3/Bicycle-GAN-googlemap-002-fake-B-png.png,https://i.ibb.co/5j2CmQQ/Bicycle-GAN-googlemap-002-real-B-png.png
https://i.ibb.co/5KhGhff/Bicycle-GAN-googlemap-003-real-A-png.png,https://i.ibb.co/M7vqJps/Bicycle-GAN-googlemap-003-real-B-png.png,https://i.ibb.co/7NvCv2s/Bicycle-GAN-googlemap-003-fake-B-png.png
https://i.ibb.co/NnT0t1x/Bicycle-GAN-googlemap-004-real-A-png.png,https://i.ibb.co/F8k1Drg/Bicycle-GAN-googlemap-004-real-B-png.png,https://i.ibb.co/D1DWphZ/Bicycle-GAN-googlemap-004-fake-B-png.png
https://i.ibb.co/Q81Jy3w/Bicycle-GAN-googlemap-005-real-A-png.png,https://i.ibb.co/0s3tKph/Bicycle-GAN-googlemap-005-real-B-png.png,https://i.ibb.co/zJLBWND/Bicycle-GAN-googlemap-005-fake-B-png.png
https://i.ibb.co/wLTM0Pd/Bicycle-GAN-googlemap-006-real-A-png.png,https://i.ibb.co/Kzys1hX/Bicycle-GAN-googlemap-006-fake-B-png.png,https://i.ibb.co/0DZyQbb/Bicycle-GAN-googlemap-006-real-B-png.png
https://i.ibb.co/P5b7CdJ/Bicycle-GAN-googlemap-007-real-A-png.png,https://i.ibb.co/MSsDYJh/Bicycle-GAN-googlemap-007-fake-B-png.png,https://i.ibb.co/wWMQ0Tq/Bicycle-GAN-googlemap-007-real-B-png.png
https://i.ibb.co/3hwY2cF/Bicycle-GAN-googlemap-008-real-A-png.png,https://i.ibb.co/2vTmgdR/Bicycle-GAN-googlemap-008-fake-B-png.png,https://i.ibb.co/NrFCTLn/Bicycle-GAN-googlemap-008-real-B-png.png
https://i.ibb.co/WzMnxGm/Bicycle-GAN-googlemap-009-real-A-png.png,https://i.ibb.co/dQSjVHX/Bicycle-GAN-googlemap-009-fake-B-png.png,https://i.ibb.co/styQvrt/Bicycle-GAN-googlemap-009-real-B-png.png
https://i.ibb.co/9njC2Wq/Bicycle-GAN-googlemap-010-real-A-png.png,https://i.ibb.co/H2NWLZ4/Bicycle-GAN-googlemap-010-fake-B-png.png,https://i.ibb.co/jZ13hDJ/Bicycle-GAN-googlemap-010-real-B-png.png
https://i.ibb.co/4T6Z7xf/Bicycle-GAN-googlemap-011-real-A-png.png,https://i.ibb.co/Hn1x4C5/Bicycle-GAN-googlemap-011-fake-B-png.png,https://i.ibb.co/tPMtZZX/Bicycle-GAN-googlemap-011-real-B-png.png
https://i.ibb.co/2W6MC4r/Bicycle-GAN-googlemap-012-real-A-png.png,https://i.ibb.co/4mprX0z/Bicycle-GAN-googlemap-012-fake-B-png.png,https://i.ibb.co/j6ks4Gn/Bicycle-GAN-googlemap-012-real-B-png.png
https://i.ibb.co/NyJt77q/Bicycle-GAN-googlemap-013-real-A-png.png,https://i.ibb.co/K5z9K0y/Bicycle-GAN-googlemap-013-fake-B-png.png,https://i.ibb.co/H4jnRH2/Bicycle-GAN-googlemap-013-real-B-png.png
https://i.ibb.co/fqY1X3y/Bicycle-GAN-googlemap-014-real-A-png.png,https://i.ibb.co/4ZLrK9n/Bicycle-GAN-googlemap-014-fake-B-png.png,https://i.ibb.co/rF9G3St/Bicycle-GAN-googlemap-014-real-B-png.png
https://i.ibb.co/fFXzGmV/Bicycle-GAN-googlemap-015-real-A-png.png,https://i.ibb.co/qkRNgcX/Bicycle-GAN-googlemap-015-real-B-png.png,https://i.ibb.co/MMrSFkN/Bicycle-GAN-googlemap-015-fake-B-png.png
https://i.ibb.co/rQKmcrq/Bicycle-GAN-googlemap-016-real-A-png.png,https://i.ibb.co/n1F332L/Bicycle-GAN-googlemap-016-fake-B-png.png,https://i.ibb.co/kMnjXJD/Bicycle-GAN-googlemap-016-real-B-png.png
https://i.ibb.co/BVG5hFh/Bicycle-GAN-googlemap-017-real-A-png.png,https://i.ibb.co/1zLjqXk/Bicycle-GAN-googlemap-017-real-B-png.png,https://i.ibb.co/bX2p8T9/Bicycle-GAN-googlemap-017-fake-B-png.png
https://i.ibb.co/1LtZBwN/Bicycle-GAN-googlemap-018-real-A-png.png,https://i.ibb.co/WtCDG7G/Bicycle-GAN-googlemap-018-fake-B-png.png,https://i.ibb.co/ZNyM8D2/Bicycle-GAN-googlemap-018-real-B-png.png
https://i.ibb.co/q0wkgZV/Bicycle-GAN-googlemap-019-real-A-png.png,https://i.ibb.co/9H7vT4M/Bicycle-GAN-googlemap-019-fake-B-png.png,https://i.ibb.co/zXkVww6/Bicycle-GAN-googlemap-019-real-B-png.png
https://i.ibb.co/4F56Fsz/Bicycle-GAN-googlemap-020-real-A-png.png,https://i.ibb.co/bbgByWK/Bicycle-GAN-googlemap-020-fake-B-png.png,https://i.ibb.co/cXdxJMK/Bicycle-GAN-googlemap-020-real-B-png.png
https://i.ibb.co/vd2YChG/Bicycle-GAN-googlemap-021-real-A-png.png,https://i.ibb.co/vvXxSt2/Bicycle-GAN-googlemap-021-fake-B-png.png,https://i.ibb.co/7Ccq4ct/Bicycle-GAN-googlemap-021-real-B-png.png
https://i.ibb.co/Vt5CB4F/Bicycle-GAN-googlemap-022-real-A-png.png,https://i.ibb.co/XYwByD4/Bicycle-GAN-googlemap-022-real-B-png.png,https://i.ibb.co/1JMsJ4K/Bicycle-GAN-googlemap-022-fake-B-png.png
https://i.ibb.co/V3XvFC0/Bicycle-GAN-googlemap-023-real-A-png.png,https://i.ibb.co/1RxcDV5/Bicycle-GAN-googlemap-023-fake-B-png.png,https://i.ibb.co/h1FgSw0/Bicycle-GAN-googlemap-023-real-B-png.png
https://i.ibb.co/XtQX06Z/Bicycle-GAN-googlemap-024-real-A-png.png,https://i.ibb.co/hMhqpCG/Bicycle-GAN-googlemap-024-real-B-png.png,https://i.ibb.co/pxVbj9N/Bicycle-GAN-googlemap-024-fake-B-png.png
https://i.ibb.co/NYc41dS/Bicycle-GAN-googlemap-025-real-A-png.png,https://i.ibb.co/1sTxY0r/Bicycle-GAN-googlemap-025-real-B-png.png,https://i.ibb.co/crY9B4p/Bicycle-GAN-googlemap-025-fake-B-png.png
https://i.ibb.co/xqyFqrS/Bicycle-GAN-googlemap-026-real-A-png.png,https://i.ibb.co/wypWDKg/Bicycle-GAN-googlemap-026-fake-B-png.png,https://i.ibb.co/X2nrRK1/Bicycle-GAN-googlemap-026-real-B-png.png
https://i.ibb.co/XDMp5gY/Bicycle-GAN-googlemap-027-real-A-png.png,https://i.ibb.co/BzwLg9V/Bicycle-GAN-googlemap-027-real-B-png.png,https://i.ibb.co/YNwj9Zg/Bicycle-GAN-googlemap-027-fake-B-png.png
https://i.ibb.co/41cV4B1/Bicycle-GAN-googlemap-028-real-A-png.png,https://i.ibb.co/wdhCtsp/Bicycle-GAN-googlemap-028-fake-B-png.png,https://i.ibb.co/LvMZWr5/Bicycle-GAN-googlemap-028-real-B-png.png
https://i.ibb.co/JCtw7x2/Bicycle-GAN-googlemap-029-real-A-png.png,https://i.ibb.co/3WSSRcw/Bicycle-GAN-googlemap-029-fake-B-png.png,https://i.ibb.co/C6nf9SH/Bicycle-GAN-googlemap-029-real-B-png.png
https://i.ibb.co/drX4SnT/Bicycle-GAN-googlemap-030-real-A-png.png,https://i.ibb.co/zS3vTTP/Bicycle-GAN-googlemap-030-real-B-png.png,https://i.ibb.co/2MsPd33/Bicycle-GAN-googlemap-030-fake-B-png.png
https://i.ibb.co/YNwnQSr/Bicycle-GAN-googlemap-031-real-A-png.png,https://i.ibb.co/bb4Hk9k/Bicycle-GAN-googlemap-031-real-B-png.png,https://i.ibb.co/mtRMWRv/Bicycle-GAN-googlemap-031-fake-B-png.png
https://i.ibb.co/kXzKGBf/Bicycle-GAN-googlemap-032-real-A-png.png,https://i.ibb.co/Vg989SQ/Bicycle-GAN-googlemap-032-fake-B-png.png,https://i.ibb.co/Mfj8gtP/Bicycle-GAN-googlemap-032-real-B-png.png
https://i.ibb.co/PgxTjtj/Bicycle-GAN-googlemap-033-real-A-png.png,https://i.ibb.co/nLkVFZJ/Bicycle-GAN-googlemap-033-fake-B-png.png,https://i.ibb.co/YX20X99/Bicycle-GAN-googlemap-033-real-B-png.png
https://i.ibb.co/h9ppD4K/Bicycle-GAN-googlemap-034-real-A-png.png,https://i.ibb.co/HqfQPnt/Bicycle-GAN-googlemap-034-real-B-png.png,https://i.ibb.co/LxtwRvp/Bicycle-GAN-googlemap-034-fake-B-png.png
https://i.ibb.co/kmjBHZ3/Bicycle-GAN-googlemap-035-real-A-png.png,https://i.ibb.co/tBpvK03/Bicycle-GAN-googlemap-035-fake-B-png.png,https://i.ibb.co/Cby6Xsg/Bicycle-GAN-googlemap-035-real-B-png.png
https://i.ibb.co/qjxjWCH/Bicycle-GAN-googlemap-036-real-A-png.png,https://i.ibb.co/vk1kCMd/Bicycle-GAN-googlemap-036-fake-B-png.png,https://i.ibb.co/7gtmgT5/Bicycle-GAN-googlemap-036-real-B-png.png
https://i.ibb.co/YWvPLBS/Bicycle-GAN-googlemap-037-real-A-png.png,https://i.ibb.co/98pP12j/Bicycle-GAN-googlemap-037-fake-B-png.png,https://i.ibb.co/Xtmj0LS/Bicycle-GAN-googlemap-037-real-B-png.png
https://i.ibb.co/2jVQL4W/Bicycle-GAN-googlemap-038-real-A-png.png,https://i.ibb.co/nQWq6k4/Bicycle-GAN-googlemap-038-fake-B-png.png,https://i.ibb.co/yR9tg04/Bicycle-GAN-googlemap-038-real-B-png.png
https://i.ibb.co/SdrGvtZ/Bicycle-GAN-googlemap-039-real-A-png.png,https://i.ibb.co/2P37QGs/Bicycle-GAN-googlemap-039-fake-B-png.png,https://i.ibb.co/4gHf19v/Bicycle-GAN-googlemap-039-real-B-png.png
https://i.ibb.co/vBSL4Xn/Bicycle-GAN-googlemap-040-real-A-png.png,https://i.ibb.co/C9tpJBF/Bicycle-GAN-googlemap-040-real-B-png.png,https://i.ibb.co/LrzpHHG/Bicycle-GAN-googlemap-040-fake-B-png.png
https://i.ibb.co/yB2ynh0/Bicycle-GAN-googlemap-041-real-A-png.png,https://i.ibb.co/MBx7DwS/Bicycle-GAN-googlemap-041-real-B-png.png,https://i.ibb.co/WPMFGjM/Bicycle-GAN-googlemap-041-fake-B-png.png
https://i.ibb.co/h8XWKdz/Bicycle-GAN-googlemap-042-real-A-png.png,https://i.ibb.co/KWDkhVs/Bicycle-GAN-googlemap-042-fake-B-png.png,https://i.ibb.co/DRNxdvH/Bicycle-GAN-googlemap-042-real-B-png.png
https://i.ibb.co/WzFWLvC/Bicycle-GAN-googlemap-043-real-A-png.png,https://i.ibb.co/txS8NTy/Bicycle-GAN-googlemap-043-real-B-png.png,https://i.ibb.co/gzg4KcP/Bicycle-GAN-googlemap-043-fake-B-png.png
https://i.ibb.co/XFzdFwH/Bicycle-GAN-googlemap-044-real-A-png.png,https://i.ibb.co/98MTTV2/Bicycle-GAN-googlemap-044-fake-B-png.png,https://i.ibb.co/YpT0kyw/Bicycle-GAN-googlemap-044-real-B-png.png
https://i.ibb.co/MCrzPpm/Bicycle-GAN-googlemap-045-real-A-png.png,https://i.ibb.co/DptgVFj/Bicycle-GAN-googlemap-045-fake-B-png.png,https://i.ibb.co/rx7NM93/Bicycle-GAN-googlemap-045-real-B-png.png
https://i.ibb.co/yn6dfYM/Bicycle-GAN-googlemap-046-real-A-png.png,https://i.ibb.co/JC60Cw5/Bicycle-GAN-googlemap-046-fake-B-png.png,https://i.ibb.co/882Cmsk/Bicycle-GAN-googlemap-046-real-B-png.png
https://i.ibb.co/DR2dQf9/Bicycle-GAN-googlemap-047-real-A-png.png,https://i.ibb.co/f8ZW9Jc/Bicycle-GAN-googlemap-047-real-B-png.png,https://i.ibb.co/xjkfnkm/Bicycle-GAN-googlemap-047-fake-B-png.png
https://i.ibb.co/x6xYw9t/Bicycle-GAN-googlemap-048-real-A-png.png,https://i.ibb.co/GsmY7K7/Bicycle-GAN-googlemap-048-fake-B-png.png,https://i.ibb.co/wQMgkrT/Bicycle-GAN-googlemap-048-real-B-png.png
https://i.ibb.co/N3gKBgZ/Bicycle-GAN-googlemap-049-real-A-png.png,https://i.ibb.co/2yRXvp9/Bicycle-GAN-googlemap-049-fake-B-png.png,https://i.ibb.co/6RzPkCK/Bicycle-GAN-googlemap-049-real-B-png.png
https://i.ibb.co/HxXz3jG/Bicycle-GAN-googlemap-050-real-A-png.png,https://i.ibb.co/HBQ3j7K/Bicycle-GAN-googlemap-050-fake-B-png.png,https://i.ibb.co/x1rqPwG/Bicycle-GAN-googlemap-050-real-B-png.png
https://i.ibb.co/0qtcdHr/Bicycle-GAN-googlemap-051-real-A-png.png,https://i.ibb.co/PW0BmKG/Bicycle-GAN-googlemap-051-fake-B-png.png,https://i.ibb.co/Vxn00hH/Bicycle-GAN-googlemap-051-real-B-png.png
https://i.ibb.co/hKTxMXD/Bicycle-GAN-googlemap-052-real-A-png.png,https://i.ibb.co/tDK8R7B/Bicycle-GAN-googlemap-052-fake-B-png.png,https://i.ibb.co/SXmLbc1/Bicycle-GAN-googlemap-052-real-B-png.png
https://i.ibb.co/HXH3R62/Bicycle-GAN-googlemap-053-real-A-png.png,https://i.ibb.co/9n0sJd8/Bicycle-GAN-googlemap-053-real-B-png.png,https://i.ibb.co/KbxM9j2/Bicycle-GAN-googlemap-053-fake-B-png.png
https://i.ibb.co/PWM7C8T/Bicycle-GAN-googlemap-054-real-A-png.png,https://i.ibb.co/crYspQ0/Bicycle-GAN-googlemap-054-fake-B-png.png,https://i.ibb.co/416Ym8n/Bicycle-GAN-googlemap-054-real-B-png.png
https://i.ibb.co/L0mb21x/Bicycle-GAN-googlemap-055-real-A-png.png,https://i.ibb.co/rmNxJSr/Bicycle-GAN-googlemap-055-real-B-png.png,https://i.ibb.co/8zZ2nQs/Bicycle-GAN-googlemap-055-fake-B-png.png
https://i.ibb.co/9NkstmK/Bicycle-GAN-googlemap-056-real-A-png.png,https://i.ibb.co/rxfX7PX/Bicycle-GAN-googlemap-056-real-B-png.png,https://i.ibb.co/h7cvr5z/Bicycle-GAN-googlemap-056-fake-B-png.png
https://i.ibb.co/9nYHpry/Bicycle-GAN-googlemap-057-real-A-png.png,https://i.ibb.co/G9CzSM8/Bicycle-GAN-googlemap-057-real-B-png.png,https://i.ibb.co/QF14M9V/Bicycle-GAN-googlemap-057-fake-B-png.png
https://i.ibb.co/587762B/Bicycle-GAN-googlemap-058-real-A-png.png,https://i.ibb.co/RysBgRR/Bicycle-GAN-googlemap-058-real-B-png.png,https://i.ibb.co/rw8hYFr/Bicycle-GAN-googlemap-058-fake-B-png.png
https://i.ibb.co/jzk8Pwp/Bicycle-GAN-googlemap-059-real-A-png.png,https://i.ibb.co/3f3kKwn/Bicycle-GAN-googlemap-059-real-B-png.png,https://i.ibb.co/WzFqhCf/Bicycle-GAN-googlemap-059-fake-B-png.png
https://i.ibb.co/BtHm64k/Bicycle-GAN-googlemap-060-real-A-png.png,https://i.ibb.co/z6m5cbR/Bicycle-GAN-googlemap-060-real-B-png.png,https://i.ibb.co/5RzJhNF/Bicycle-GAN-googlemap-060-fake-B-png.png
https://i.ibb.co/G0yXWyS/Bicycle-GAN-googlemap-061-real-A-png.png,https://i.ibb.co/hRM1SYg/Bicycle-GAN-googlemap-061-fake-B-png.png,https://i.ibb.co/zN22G4r/Bicycle-GAN-googlemap-061-real-B-png.png
https://i.ibb.co/XjF2J9L/Bicycle-GAN-googlemap-062-real-A-png.png,https://i.ibb.co/9Vqdmxr/Bicycle-GAN-googlemap-062-real-B-png.png,https://i.ibb.co/CKpsNkb/Bicycle-GAN-googlemap-062-fake-B-png.png
https://i.ibb.co/DYCcqYC/Bicycle-GAN-googlemap-063-real-A-png.png,https://i.ibb.co/68GTrFr/Bicycle-GAN-googlemap-063-fake-B-png.png,https://i.ibb.co/n1ZgKDQ/Bicycle-GAN-googlemap-063-real-B-png.png
https://i.ibb.co/jLDmhnw/Bicycle-GAN-googlemap-064-real-A-png.png,https://i.ibb.co/ZYphSZy/Bicycle-GAN-googlemap-064-real-B-png.png,https://i.ibb.co/L632bfC/Bicycle-GAN-googlemap-064-fake-B-png.png
https://i.ibb.co/2d9W2HV/Bicycle-GAN-googlemap-065-real-A-png.png,https://i.ibb.co/cFgTz7Y/Bicycle-GAN-googlemap-065-real-B-png.png,https://i.ibb.co/6t3GkD2/Bicycle-GAN-googlemap-065-fake-B-png.png
https://i.ibb.co/tQmgCH5/Bicycle-GAN-googlemap-066-real-A-png.png,https://i.ibb.co/qyvZy90/Bicycle-GAN-googlemap-066-fake-B-png.png,https://i.ibb.co/QPv1YL2/Bicycle-GAN-googlemap-066-real-B-png.png
https://i.ibb.co/wBPmsqd/Bicycle-GAN-googlemap-067-real-A-png.png,https://i.ibb.co/K7JHK25/Bicycle-GAN-googlemap-067-real-B-png.png,https://i.ibb.co/d475jpH/Bicycle-GAN-googlemap-067-fake-B-png.png
https://i.ibb.co/wr8J4pN/Bicycle-GAN-googlemap-068-real-A-png.png,https://i.ibb.co/GV2hTBv/Bicycle-GAN-googlemap-068-real-B-png.png,https://i.ibb.co/9HJ4vYK/Bicycle-GAN-googlemap-068-fake-B-png.png
https://i.ibb.co/1dVn2Kg/Bicycle-GAN-googlemap-069-real-A-png.png,https://i.ibb.co/vBMgVG5/Bicycle-GAN-googlemap-069-fake-B-png.png,https://i.ibb.co/1v9fp9P/Bicycle-GAN-googlemap-069-real-B-png.png
https://i.ibb.co/gTKWP77/Bicycle-GAN-googlemap-070-real-A-png.png,https://i.ibb.co/mGTw6qq/Bicycle-GAN-googlemap-070-real-B-png.png,https://i.ibb.co/LrZJQjT/Bicycle-GAN-googlemap-070-fake-B-png.png
